City_ID,City,Country,Lat,Lng,Max Temp,Humidity,Cloudiness,Wind Speed,Current Description
0,Cape Town,ZA,-33.9258,18.4232,69.1,67,75,5.75,broken clouds
1,Luderitz,NA,-26.6481,15.1594,63.84,79,0,12.97,clear sky
2,San Jose,US,37.3394,-121.895,73.92,65,1,8.05,haze
3,Rapar,IN,23.5667,70.6333,72.05,32,99,8.59,overcast clouds
4,Teknaf,BD,20.8624,92.3058,73.96,91,67,5.95,broken clouds
5,Mataura,NZ,-46.1927,168.8643,58.33,43,49,11.52,scattered clouds
6,New Norfolk,AU,-42.7826,147.0587,47.66,62,91,1.99,overcast clouds
7,Longyearbyen,SJ,78.2186,15.6401,19.24,73,75,26.46,broken clouds
8,Puerto Ayora,EC,-0.7393,-90.3518,76.96,76,30,9.71,scattered clouds
9,Busselton,AU,-33.65,115.3333,59.09,93,34,7.43,scattered clouds
10,East London,ZA,-33.0153,27.9116,68.22,66,100,13.24,overcast clouds
11,Rikitea,PF,-23.1203,-134.9692,73.65,85,98,11.97,light rain
12,Kahului,US,20.8947,-156.47,86.02,73,20,12.66,few clouds
13,Avarua,CK,-21.2078,-159.775,77.05,83,75,13.8,broken clouds
14,Punta Arenas,CL,-53.15,-70.9167,51.91,37,20,29.93,few clouds
15,Nakasongola,UG,1.3089,32.4564,70.27,66,88,2.42,overcast clouds
16,Fortuna,US,40.5982,-124.1573,62.92,72,1,1.99,clear sky
17,Caravelas,BR,-17.7125,-39.2481,73.06,65,82,8.19,broken clouds
18,Codrington,AU,-38.2667,141.9667,52.63,66,99,5.75,overcast clouds
19,Mount Gambier,AU,-37.8333,140.7667,48.11,87,90,5.75,overcast clouds
20,Oxford,GB,51.7522,-1.256,48.61,98,90,1.14,fog
21,Namatanai,PG,-3.6667,152.4333,79.57,86,100,13.8,moderate rain
22,Tazovskiy,RU,67.4667,78.7,5.34,94,100,14.29,light snow
23,Albany,US,42.6001,-73.9662,41.58,77,76,1.01,broken clouds
24,Atuona,PF,-9.8,-139.0333,77.43,76,4,9.44,light rain
25,Bluff,NZ,-46.6,168.3333,53.53,63,88,22.17,overcast clouds
26,Areka,ET,7.0667,37.7,64.09,66,88,4.52,light rain
27,Koupela,BF,12.1794,-0.3517,83.68,22,97,1.79,overcast clouds
28,Oriximina,BR,-1.7656,-55.8661,82.58,68,100,1.48,overcast clouds
29,Ribeira Grande,PT,38.5167,-28.7,68.4,83,20,16.11,few clouds
30,Qaanaaq,GL,77.484,-69.3632,0.43,75,100,9.95,overcast clouds
31,Lebu,CL,-37.6167,-73.65,54.68,64,1,19.75,clear sky
32,Yerbogachen,RU,61.2767,108.0108,15.57,97,100,3.51,overcast clouds
33,Beringovskiy,RU,63.05,179.3167,27.73,94,100,11.12,light snow
34,Khandbari,NP,27.3747,87.2039,55.96,73,49,2.01,scattered clouds
35,Insar,RU,53.8653,44.3738,22.24,95,75,5.48,broken clouds
36,Martapura,ID,-3.4167,114.85,72.93,97,94,2.26,moderate rain
37,Kodiak,US,57.79,-152.4072,26.11,68,1,3.44,clear sky
38,Thompson,CA,55.7435,-97.8558,26.76,93,90,3.44,light snow
39,Dhidhdhoo,MV,6.8833,73.1,80.64,81,100,17.11,overcast clouds
40,Jamestown,US,42.097,-79.2353,38.52,96,90,3.0,snow
41,Westport,US,41.1415,-73.3579,48.18,63,20,1.99,few clouds
42,Victoria,HK,22.2855,114.1577,71.33,79,11,1.01,few clouds
43,Ushuaia,AR,-54.8,-68.3,47.86,53,75,26.46,broken clouds
44,Hithadhoo,MV,-0.6,73.0833,82.09,75,19,15.43,few clouds
45,Bereda,ES,43.2686,-7.5406,53.91,92,100,6.42,overcast clouds
46,Juegang,CN,32.3174,121.1855,54.91,57,100,5.08,overcast clouds
47,Khatanga,RU,71.9667,102.5,-29.61,100,65,4.61,broken clouds
48,Mackay,AU,-21.15,149.2,83.05,78,0,4.61,clear sky
49,Panama City,PA,8.9936,-79.5197,87.75,69,40,10.36,scattered clouds
50,Thunder Bay,CA,48.4001,-89.3168,32.56,49,75,5.75,broken clouds
51,Bambanglipuro,ID,-7.95,110.2833,59.61,89,100,1.14,overcast clouds
52,Fairbanks,US,64.8378,-147.7164,1.22,74,90,0.0,light snow
53,Belaya Gora,RU,68.5333,146.4167,2.35,98,100,2.73,light snow
54,Naze,JP,28.3667,129.4833,58.12,62,11,7.76,few clouds
55,Hilo,US,19.7297,-155.09,79.79,96,90,6.91,moderate rain
56,Ulladulla,AU,-35.35,150.4667,61.88,48,7,5.3,clear sky
57,Bengkulu,ID,-3.8004,102.2655,75.31,84,91,3.8,overcast clouds
58,Lorengau,PG,-2.0226,147.2712,82.45,77,98,5.79,overcast clouds
59,Houma,US,29.5958,-90.7195,75.99,55,0,5.01,clear sky
60,Upernavik,GL,72.7868,-56.1549,0.81,70,13,7.2,few clouds
61,Zhuhai,CN,22.2769,113.5678,71.06,73,20,12.66,few clouds
62,Namibe,AO,-15.1961,12.1522,72.7,79,100,10.04,overcast clouds
63,Dikson,RU,73.5069,80.5464,-11.85,94,35,4.94,scattered clouds
64,Tuktoyaktuk,CA,69.4541,-133.0374,8.6,85,75,5.75,light snow
65,Nattarasankottai,IN,9.8667,78.5667,77.68,92,100,4.05,overcast clouds
66,Saint-Pierre,RE,-21.3393,55.4781,73.04,70,0,4.61,clear sky
67,Lompoc,US,34.6391,-120.4579,88.79,51,1,12.66,clear sky
68,Meulaboh,ID,4.1363,96.1285,76.37,89,99,3.69,overcast clouds
69,Wamba,NG,8.9333,8.6,77.58,51,39,4.03,scattered clouds
70,Poum,NC,-20.2333,164.0167,79.29,78,34,5.61,scattered clouds
71,Tautira,PF,-17.7333,-149.15,86.02,79,95,20.02,overcast clouds
72,Iqaluit,CA,63.7506,-68.5145,-0.31,77,20,11.01,few clouds
73,Bethel,US,41.3712,-73.414,45.75,67,53,1.99,broken clouds
74,Cherskiy,RU,68.75,161.3,18.39,86,100,5.06,overcast clouds
75,Samarai,PG,-10.6167,150.6667,83.75,78,79,9.51,broken clouds
76,Dunedin,NZ,-45.8742,170.5036,54.81,66,28,3.0,scattered clouds
77,Avera,US,33.194,-82.5271,65.71,35,0,6.49,clear sky
78,Cockburn Town,TC,21.4612,-71.1419,82.4,74,58,15.7,broken clouds
79,Kochi,IN,9.9399,76.2602,75.18,90,100,6.69,light rain
80,Morondava,MG,-20.2833,44.2833,77.79,79,85,7.49,overcast clouds
81,Zhangjiakou,CN,40.81,114.8794,27.59,79,2,1.66,clear sky
82,Georgetown,MY,5.4112,100.3354,79.9,92,20,0.0,few clouds
83,Saint-Philippe,RE,-21.3585,55.7679,72.95,80,54,5.88,broken clouds
84,Hermanus,ZA,-34.4187,19.2345,64.9,90,100,7.38,overcast clouds
85,Lerwick,GB,60.1545,-1.1494,50.0,81,100,23.76,overcast clouds
86,Mahebourg,MU,-20.4081,57.7,73.69,88,40,2.3,scattered clouds
87,Hobart,AU,-42.8794,147.3294,48.02,66,75,1.01,broken clouds
88,Tasiilaq,GL,65.6145,-37.6368,8.92,64,65,10.22,broken clouds
89,Magole,TZ,-6.3667,37.3667,77.83,84,50,2.64,scattered clouds
90,Uruburetama,BR,-3.625,-39.5083,79.45,74,5,6.62,clear sky
91,Te Anau,NZ,-45.4167,167.7167,46.87,91,87,9.06,light rain
92,Vaini,TO,-21.2,-175.2,80.76,78,20,8.05,few clouds
93,Nikolskoye,RU,59.7035,30.7861,32.88,74,71,10.0,broken clouds
94,Barrow,US,71.2906,-156.7887,6.82,72,90,14.97,light snow
95,Slave Lake,CA,55.2834,-114.769,30.18,93,90,8.05,overcast clouds
96,Aklavik,CA,68.2191,-135.0107,3.2,85,75,4.61,light snow
97,Adre,TD,13.4667,22.2,74.01,18,6,8.84,clear sky
98,Kapaa,US,22.0752,-159.319,79.12,72,90,4.0,light rain
99,Ancud,CL,-41.8697,-73.8203,56.73,68,18,5.5,light rain
100,Timmins,CA,48.4669,-81.3331,26.42,80,90,5.75,overcast clouds
101,Kamenka,RU,51.3223,42.7678,28.8,69,99,12.88,overcast clouds
102,Weligama,LK,5.9667,80.4167,78.35,89,99,13.27,overcast clouds
103,Brokopondo,SR,4.75,-55.1667,77.07,87,99,7.87,overcast clouds
104,Souillac,MU,-20.5167,57.5167,73.78,88,40,2.3,scattered clouds
105,Yellowknife,CA,62.456,-114.3525,15.42,100,40,5.75,scattered clouds
106,Nantucket,US,41.2835,-70.0995,47.97,65,88,26.33,overcast clouds
107,Arraial Do Cabo,BR,-22.9661,-42.0278,73.36,68,40,13.8,scattered clouds
108,Cayenne,GF,4.9333,-52.3333,82.09,80,0,1.01,clear sky
109,Sao Felix Do Xingu,BR,-6.6447,-51.995,72.82,98,100,0.96,moderate rain
110,Surt,LY,31.2089,16.5887,66.69,51,2,4.12,clear sky
111,Awjilah,LY,29.1081,21.2869,67.39,67,100,12.12,overcast clouds
112,Ahipara,NZ,-35.1667,173.1667,68.04,69,3,12.35,clear sky
113,Chernyshevskiy,RU,63.0128,112.4714,6.31,98,100,1.63,overcast clouds
114,Jinxiang,CN,27.4327,120.6062,58.39,77,72,5.99,broken clouds
115,Severo-Kurilsk,RU,50.6789,156.125,34.34,79,85,14.9,light rain
116,Naples,IT,40.8333,14.25,59.61,79,75,4.0,broken clouds
117,Garowe,SO,8.4054,48.4845,69.89,77,60,10.31,broken clouds
118,Port Elizabeth,ZA,-33.918,25.5701,64.69,82,0,17.27,clear sky
119,Gobabis,NA,-22.45,18.9667,77.59,36,86,14.79,overcast clouds
120,Carnarvon,AU,-24.8667,113.6333,68.07,73,75,8.05,broken clouds
121,Lucena,PH,13.9314,121.6172,78.75,89,96,9.31,overcast clouds
122,Ayan,RU,56.45,138.1667,10.33,69,81,14.72,broken clouds
123,Crestview,US,30.7621,-86.5705,71.51,50,0,3.0,clear sky
124,Butaritari,KI,3.0707,172.7902,82.44,69,95,16.26,overcast clouds
125,Mar Del Plata,AR,-38.0023,-57.5575,71.1,93,20,10.0,few clouds
126,Sassandra,CI,4.95,-6.0833,78.64,86,39,6.22,scattered clouds
127,Puerto Escondido,MX,15.85,-97.0667,83.3,58,15,4.27,few clouds
128,Ponta Do Sol,PT,32.6667,-17.1,68.63,69,100,4.54,overcast clouds
129,Ilulissat,GL,69.2167,-51.1,-2.31,89,100,5.01,overcast clouds
130,Castro,BR,-24.7911,-50.0119,66.97,73,87,5.7,overcast clouds
131,Port Alfred,ZA,-33.5906,26.891,64.51,79,100,15.32,overcast clouds
132,Ketchikan,US,55.3422,-131.6461,37.08,83,97,2.21,overcast clouds
133,Turukhansk,RU,65.8167,87.9833,-10.82,99,99,6.4,overcast clouds
134,Hambantota,LK,6.1241,81.1185,77.34,100,20,8.05,few clouds
135,Chambas,CU,22.1928,-78.9136,76.96,82,97,11.56,overcast clouds
136,Huangchuan,CN,32.1272,115.0394,53.82,65,98,6.24,overcast clouds
137,Comodoro Rivadavia,AR,-45.8667,-67.5,57.06,24,20,8.05,few clouds
138,Richards Bay,ZA,-28.783,32.0377,72.91,87,100,10.04,overcast clouds
139,Bredasdorp,ZA,-34.5322,20.0403,64.27,92,98,6.08,overcast clouds
140,Faanui,PF,-16.4833,-151.75,80.85,73,98,10.78,overcast clouds
141,Kaitangata,NZ,-46.2817,169.8464,61.93,45,69,7.76,broken clouds
142,Kavaratti,IN,10.5669,72.642,80.89,78,100,13.91,overcast clouds
143,Cururupu,BR,-1.8283,-44.8683,76.87,86,81,3.98,broken clouds
144,Cidreira,BR,-30.1811,-50.2056,69.93,82,17,22.84,few clouds
145,Sakakah,SA,29.9697,40.2064,54.97,36,52,6.78,broken clouds
146,Mantua,IT,45.1667,10.7833,54.34,84,82,1.99,broken clouds
147,Hellvik,NO,59.9156,5.781,50.77,88,100,15.01,overcast clouds
148,Fort Nelson,CA,58.8053,-122.7002,13.59,92,90,5.75,light snow
149,Kijang,KR,35.2442,129.2139,46.13,52,100,2.8,overcast clouds
150,Sitka,US,57.0531,-135.33,37.29,75,20,5.75,few clouds
151,Galesong,ID,-5.3166,119.3661,76.12,93,100,6.85,overcast clouds
152,Chokurdakh,RU,70.6333,147.9167,7.14,96,100,3.83,light snow
153,Sindor,RU,62.8629,51.8905,21.83,93,100,9.91,light snow
154,Matay,EG,28.419,30.7792,68.27,52,54,7.49,broken clouds
155,Wellington,NZ,-41.2866,174.7756,64.06,73,75,5.01,broken clouds
156,Geraldton,AU,-28.7667,114.6,57.61,88,90,4.61,overcast clouds
157,Tiksi,RU,71.6872,128.8694,-11.85,96,97,6.38,overcast clouds
158,Talara,PE,-4.5772,-81.2719,70.56,73,0,17.27,clear sky
159,Boa Vista,BR,2.8197,-60.6733,93.18,38,75,12.66,broken clouds
160,Vierzon,FR,47.2101,2.0625,45.19,83,100,2.44,overcast clouds
161,Wum,CM,6.3833,10.0667,67.28,87,74,3.44,broken clouds
162,Capuluan,PH,13.8147,122.5181,77.54,92,100,6.78,light rain
163,Sabha,LY,27.0377,14.4283,67.66,43,100,4.32,overcast clouds
164,Nouadhibou,MR,20.931,-17.0347,73.38,60,100,10.36,overcast clouds
165,Havoysund,NO,70.9963,24.6622,41.88,82,97,24.38,overcast clouds
166,Tabuk,PH,17.4189,121.4443,73.99,92,93,3.53,moderate rain
167,Venado Tuerto,AR,-33.7456,-61.9688,82.76,48,49,4.14,scattered clouds
168,Tuatapere,NZ,-46.1333,167.6833,47.64,90,88,8.68,overcast clouds
169,Isangel,VU,-19.55,169.2667,80.71,78,75,0.0,broken clouds
170,Urumqi,CN,43.801,87.6005,31.15,86,0,2.24,clear sky
171,Carnot,CF,4.9409,15.8665,70.03,94,97,1.83,light rain
172,Saint George,US,37.1041,-113.5841,77.34,23,1,1.99,clear sky
173,Pemangkat,ID,1.1667,108.9667,76.78,88,100,4.25,overcast clouds
174,Hobyo,SO,5.3505,48.5268,79.09,70,96,8.01,overcast clouds
175,Port Augusta,AU,-32.5,137.7667,57.34,58,41,4.05,scattered clouds
176,Waldshut-Tiengen,DE,47.6232,8.2172,45.14,98,93,1.63,overcast clouds
177,Pringsewu,ID,-5.3582,104.9744,72.01,96,100,2.35,overcast clouds
178,Vardo,NO,70.3705,31.1107,38.95,87,75,18.41,broken clouds
179,Nanortalik,GL,60.1432,-45.2371,21.11,58,0,35.79,clear sky
180,Lata,PT,40.1629,-8.3327,56.8,73,56,3.96,broken clouds
181,Qaqortoq,GL,60.7167,-46.0333,8.31,66,0,11.05,clear sky
182,Olinda,BR,-8.0089,-34.8553,82.13,74,40,9.22,scattered clouds
183,Harper,LR,4.375,-7.7169,79.21,83,47,6.73,light rain
184,Saskylakh,RU,71.9167,114.0833,-28.3,100,45,3.69,scattered clouds
185,Rajpur,IN,22.3,74.35,67.44,42,73,7.94,broken clouds
186,Sri Aman,MY,1.2376,111.4621,75.25,100,100,0.0,overcast clouds
187,Asilah,MA,35.465,-6.0348,62.46,66,0,3.2,clear sky
188,Petropavlovsk-Kamchatskiy,RU,53.0452,158.6483,32.59,64,75,13.42,light snow
189,Provideniya,RU,64.3833,-173.3,19.51,73,40,15.66,scattered clouds
190,Erzin,TR,36.9559,36.2,48.72,36,8,2.91,clear sky
191,Lethem,GY,3.3803,-59.7968,91.45,55,20,11.5,few clouds
192,Narsaq,GL,60.9167,-46.05,2.01,72,2,5.1,clear sky
193,Buala,SB,-8.145,159.5921,84.29,71,94,7.27,overcast clouds
194,Banda Aceh,ID,5.5577,95.3222,78.12,85,99,10.13,overcast clouds
195,Talnakh,RU,69.4865,88.3972,1.87,96,100,11.92,light snow
196,Torbay,CA,47.6666,-52.7314,41.76,96,90,11.5,light intensity drizzle
197,Grand Gaube,MU,-20.0064,57.6608,73.8,77,64,3.0,broken clouds
198,Tyukhtet,RU,56.5389,89.3011,23.68,95,100,9.62,light snow
199,Yichang,CN,30.7144,111.2847,56.17,63,81,2.1,broken clouds
200,Alice Springs,AU,-23.7,133.8833,62.15,55,3,0.0,clear sky
201,Nur,PL,52.6683,22.3221,41.79,86,0,9.22,clear sky
202,Chkalovskoye,RU,44.8392,133.0436,24.87,79,12,6.6,few clouds
203,Kachiry,KZ,53.0675,76.1036,11.03,98,86,3.6,overcast clouds
204,Airai,TL,-8.9266,125.4092,60.39,81,73,3.13,broken clouds
205,Manokwari,ID,-0.8667,134.0833,79.39,78,100,3.27,overcast clouds
206,Bairiki,KI,1.3292,172.9752,84.2,70,40,9.22,scattered clouds
207,Vostok,RU,46.4856,135.8833,11.01,95,54,5.75,broken clouds
208,Faya,SA,18.3851,42.4509,59.52,71,0,2.46,clear sky
209,Praia Da Vitoria,PT,38.7333,-27.0667,68.25,88,75,16.87,broken clouds
210,Yumen,CN,40.2833,97.2,30.31,32,28,22.57,scattered clouds
211,Katsuura,JP,35.1333,140.3,57.31,80,35,7.96,scattered clouds
212,Esperance,AU,-33.8667,121.9,60.64,45,99,11.01,overcast clouds
213,Manama,BH,26.2154,50.5832,73.38,67,0,3.44,clear sky
214,Ovsyanka,RU,55.9575,92.5519,29.37,90,91,13.4,snow
215,Clyde River,CA,70.4692,-68.5914,3.34,81,100,4.59,overcast clouds
216,Zhigansk,RU,66.7697,123.3711,-26.64,100,95,2.95,overcast clouds
217,Eberbach,DE,49.4694,8.9928,45.61,95,67,4.25,broken clouds
218,Rio Gallegos,AR,-51.6226,-69.2181,55.45,22,75,25.32,broken clouds
219,Dingle,PH,10.9995,122.6711,74.93,95,99,6.96,overcast clouds
220,Adrar,MR,20.5022,-10.0711,76.03,29,98,9.24,overcast clouds
221,Itarema,BR,-2.9248,-39.9167,80.92,75,7,15.77,clear sky
222,Port Blair,IN,11.6667,92.75,79.45,85,84,7.43,broken clouds
223,Katobu,ID,-4.9408,122.5276,73.98,96,100,2.98,overcast clouds
224,Gornopravdinsk,RU,60.05,69.9,16.2,93,100,9.08,overcast clouds
225,Atikokan,CA,48.7555,-91.6216,24.91,84,78,2.24,broken clouds
226,Jalu,LY,29.0331,21.5482,70.02,39,100,7.16,overcast clouds
227,Jian,CN,27.1172,114.9793,60.01,60,95,3.13,overcast clouds
228,Bad Krozingen,DE,47.9167,7.7,46.51,89,66,1.01,broken clouds
229,Vesyegonsk,RU,58.664,37.2604,29.52,72,99,12.03,overcast clouds
230,Asfi,MA,32.2994,-9.2372,62.15,79,0,11.65,clear sky
231,Foz,ES,43.5692,-7.2544,58.41,91,100,5.86,overcast clouds
232,Chapais,CA,49.7834,-74.8492,28.18,80,100,4.59,overcast clouds
233,Boende,CD,-0.2167,20.8667,70.72,98,100,2.01,overcast clouds
234,Sembe,CG,1.6481,14.5806,73.45,90,100,0.38,light rain
235,Uniontown,US,39.9001,-79.7164,39.7,48,98,1.99,overcast clouds
236,Norfolk,US,42.1668,-71.2495,47.03,64,76,1.01,broken clouds
237,Nishihara,JP,26.1842,127.7558,67.28,56,20,8.05,few clouds
238,Muroto,JP,33.2833,134.15,48.24,62,54,5.79,broken clouds
239,Lagoa,PT,39.05,-27.9833,66.47,85,1,18.95,clear sky
240,Cabo San Lucas,MX,22.8909,-109.9124,88.61,57,99,1.99,overcast clouds
241,Saint Anthony,US,45.0205,-93.218,37.78,70,75,1.01,broken clouds
242,Nome,US,64.5011,-165.4064,0.16,85,34,5.19,scattered clouds
243,Lesnoy,RU,57.6198,63.0784,12.6,95,24,6.96,few clouds
244,Ostrovnoy,RU,68.0531,39.5131,25.68,94,100,7.36,overcast clouds
245,Khartoum,SD,15.5518,32.5324,80.94,14,0,9.93,clear sky
246,Coruripe,BR,-10.1256,-36.1756,79.02,80,43,13.31,scattered clouds
247,Mogadishu,SO,2.0371,45.3438,78.89,81,28,8.59,scattered clouds
248,Neiafu,TO,-18.65,-173.9833,81.28,61,20,10.36,few clouds
249,Carutapera,BR,-1.195,-46.02,78.69,83,75,8.75,broken clouds
250,Gejiu,CN,23.306,103.1635,47.95,98,100,3.38,overcast clouds
251,Kroya,ID,-7.6331,109.2461,75.2,88,100,0.72,overcast clouds
252,Zabol,AF,32.25,67.25,36.91,39,2,2.01,clear sky
253,Norman Wells,CA,65.282,-126.8329,3.24,78,75,4.61,light snow
254,Rawson,AR,-43.3002,-65.1023,52.23,50,32,20.65,scattered clouds
255,Yarmouth,US,41.7057,-70.2286,48.18,66,61,15.01,broken clouds
256,Touros,BR,-5.1989,-35.4608,81.5,74,96,13.91,overcast clouds
257,Dehui,CN,44.5333,125.7,25.11,91,34,7.23,scattered clouds
258,Aripuana,BR,-9.1667,-60.6333,79.43,81,100,2.01,moderate rain
259,Salalah,OM,17.0151,54.0924,75.2,48,3,2.68,clear sky
260,Tateyama,JP,34.9833,139.8667,57.22,84,4,11.74,clear sky
261,Pacific Grove,US,36.6177,-121.9166,76.6,67,1,5.99,clear sky
262,Kerur,IN,16.0167,75.5667,72.66,88,40,8.3,scattered clouds
263,San Patricio,US,28.017,-97.5169,86.09,49,0,13.98,clear sky
264,Ixtapa,MX,20.7,-105.2,83.23,73,99,5.01,overcast clouds
265,Karpathos,GR,35.507,27.2132,64.36,72,0,13.8,clear sky
266,Mengyin,CN,35.7069,117.9264,45.12,63,3,2.13,clear sky
267,Lindi,TZ,-10.0,39.7167,74.64,79,12,3.96,few clouds
268,Ankazoabo,MG,-22.2833,44.5167,73.85,59,7,7.0,clear sky
269,Sterling,US,39.0062,-77.4286,46.54,52,90,20.0,overcast clouds
270,Pala,TD,9.3642,14.9046,81.5,27,48,3.51,scattered clouds
271,Seropedica,BR,-22.7439,-43.7075,78.62,87,24,1.07,few clouds
272,Pisco,PE,-13.7,-76.2167,69.85,68,0,17.27,clear sky
273,Leningradskiy,RU,69.3833,178.4167,13.32,95,99,9.1,overcast clouds
274,Vao,NC,-22.6667,167.4833,76.15,76,4,11.86,clear sky
275,Puerto Del Rosario,ES,28.5004,-13.8627,67.75,77,20,11.5,few clouds
276,Kargopol,RU,61.5071,38.9456,29.32,74,100,14.43,overcast clouds
277,Olafsvik,IS,64.8945,-23.7142,36.86,92,90,24.29,overcast clouds
278,Itoman,JP,26.1247,127.6694,68.02,56,20,8.05,few clouds
279,Benjamin Constant,BR,-4.3831,-70.0311,77.13,96,99,3.18,very heavy rain
280,Bukama,CD,-9.2,25.85,68.04,95,100,2.1,overcast clouds
281,Cabedelo,BR,-6.9811,-34.8339,80.06,74,15,11.23,few clouds
282,Biak,ID,-0.9131,122.8766,76.51,83,100,1.7,overcast clouds
283,Sao Joao Da Barra,BR,-21.6403,-41.0511,73.49,73,34,12.3,scattered clouds
284,Chumikan,RU,54.7183,135.315,8.55,83,18,20.85,few clouds
285,Zhezkazgan,KZ,47.8043,67.7144,27.5,71,100,3.06,overcast clouds
286,San Quintin,MX,30.4833,-115.95,76.48,38,0,9.86,clear sky
287,Saint-Leu,RE,-21.15,55.2833,72.43,88,47,2.26,scattered clouds
288,Frederikshavn,DK,57.4407,10.5366,44.55,81,100,9.51,overcast clouds
289,Leh,IN,34.1667,77.5833,14.36,63,1,3.89,clear sky
290,Dryden,CA,49.7833,-92.7503,28.69,54,75,5.75,broken clouds
291,Hirara,JP,24.8,125.2833,70.07,64,20,10.36,few clouds
292,Igualada,ES,41.581,1.6172,54.25,82,89,2.33,overcast clouds
293,Saint-Georges,GD,12.0564,-61.7485,81.03,75,36,14.29,scattered clouds
294,Kenai,US,60.5544,-151.2583,16.09,87,10,7.85,clear sky
295,Svetlyy,RU,54.675,20.1347,39.25,85,79,7.58,broken clouds
296,Oranjemund,NA,-28.55,16.4333,60.91,92,5,10.47,clear sky
297,Asau,RO,46.4333,26.4,45.75,85,100,3.58,overcast clouds
298,Kangaatsiaq,GL,68.3065,-53.4641,13.26,88,94,5.21,overcast clouds
299,San Bartolome De Tirajana,ES,27.9248,-15.5733,57.67,75,40,10.36,scattered clouds
300,Broome,US,42.2506,-75.833,39.83,76,88,5.99,overcast clouds
301,Calafell,ES,41.2,1.5683,58.89,81,58,1.99,broken clouds
302,Mahon,ES,39.8885,4.2658,57.76,88,90,25.32,overcast clouds
303,Trofors,NO,65.5333,13.4063,45.86,95,96,7.2,overcast clouds
304,Baykalovo,RU,57.3981,63.7684,14.02,94,54,7.81,broken clouds
305,Klaksvik,FO,62.2266,-6.589,49.12,93,100,38.45,overcast clouds
306,Nagytarcsa,HU,47.5313,19.2834,43.92,93,75,1.14,broken clouds
307,Noumea,NC,-22.2763,166.4572,84.18,99,0,5.55,clear sky
308,Paracuru,BR,-3.41,-39.0306,82.42,77,4,11.9,clear sky
309,Gravdal,NO,68.1214,13.5031,44.49,70,40,2.3,light rain
310,Vaitape,PF,-16.5167,-151.75,80.8,73,99,10.74,overcast clouds
311,Hailar,CN,49.2,119.7,21.51,77,27,7.54,scattered clouds
312,Platanos,GR,37.6667,21.6167,63.09,81,100,7.4,overcast clouds
313,Tarbert,GB,55.8628,-5.4162,49.98,84,100,6.96,overcast clouds
314,Huarmey,PE,-10.0681,-78.1522,67.87,77,36,10.04,scattered clouds
315,Fecamp,FR,49.7579,0.3746,49.08,83,100,6.2,overcast clouds
316,Sebastian,US,35.1668,-94.2669,74.41,52,0,3.58,clear sky
317,Abu Kamal,SY,34.4506,40.9171,65.75,46,100,5.48,overcast clouds
318,Assiniboia,CA,49.6334,-105.9845,42.1,81,100,8.48,overcast clouds
319,Wiarton,CA,44.7407,-81.1332,39.04,74,99,10.16,overcast clouds
320,Wanning,CN,18.8003,110.3967,73.67,85,98,7.94,overcast clouds
321,Puerto Ayacucho,VE,5.6639,-67.6236,85.23,60,43,4.79,scattered clouds
322,Bathsheba,BB,13.2167,-59.5167,83.01,65,40,18.41,scattered clouds
323,Balkhash,KZ,46.844,74.9804,32.65,63,100,0.54,overcast clouds
324,Rio Grande,BR,-32.035,-52.0986,78.91,82,26,19.15,scattered clouds
325,Acarau,BR,-2.8856,-40.12,81.0,77,9,17.11,clear sky
326,Vestmannaeyjar,IS,63.4427,-20.2734,39.74,69,100,36.19,light rain
327,Baiyin,CN,36.5583,104.2081,34.84,37,100,1.97,overcast clouds
328,Pindiga,NG,9.9833,10.9333,77.5,24,89,3.18,overcast clouds
329,Los Llanos De Aridane,ES,28.6585,-17.9182,65.95,76,75,1.01,broken clouds
330,Kushima,JP,31.4583,131.2333,48.24,79,0,5.66,clear sky
331,Bulgan,MN,48.8125,103.5347,28.63,47,100,3.0,overcast clouds
332,Koslan,RU,63.4564,48.8989,23.83,94,100,10.69,light snow
333,Punta De Bombon,PE,-17.1717,-71.7931,65.55,76,63,6.51,broken clouds
334,Tapes,BR,-30.6733,-51.3958,71.11,80,5,16.31,clear sky
335,Waddan,LY,29.1614,16.139,63.27,36,11,4.27,few clouds
336,Fukue,JP,32.6881,128.8419,61.27,54,61,9.71,broken clouds
337,Kaspiysk,RU,42.8816,47.6392,39.38,86,90,25.01,overcast clouds
338,Ionia,US,42.9873,-85.0711,38.28,69,90,4.61,overcast clouds
339,Bandarbeyla,SO,9.4942,50.8122,77.38,71,100,11.1,overcast clouds
340,Jesus Carranza,MX,17.4333,-95.0333,75.67,72,33,10.58,scattered clouds
341,Plettenberg Bay,ZA,-34.0527,23.3716,62.38,79,95,9.95,overcast clouds
342,Hami,CN,42.8,93.45,33.71,52,100,5.17,overcast clouds
343,Sur,OM,22.5667,59.5289,73.72,49,54,1.25,broken clouds
344,Muros,ES,42.7762,-9.0603,58.84,71,100,14.36,overcast clouds
345,Chipinge,ZW,-20.1883,32.6236,63.95,89,5,5.32,clear sky
346,Aguimes,ES,27.9054,-15.4461,65.03,70,40,10.36,scattered clouds
347,Baoshan,CN,46.5586,131.4244,22.59,88,48,7.9,scattered clouds
348,Vila Velha,BR,-20.3297,-40.2925,75.15,82,75,1.01,broken clouds
349,Mangrol,IN,21.1167,70.1167,74.39,40,95,10.89,overcast clouds
350,Hofn,IS,64.2539,-15.2082,40.53,74,13,24.52,few clouds
351,San Ignacio,BZ,17.1561,-89.0714,70.65,99,100,0.38,overcast clouds
352,Nanakuli,US,21.3906,-158.1547,81.72,69,90,0.0,light rain
353,Lakatoro,VU,-16.0999,167.4164,83.03,72,73,10.0,broken clouds
354,Zwedru,LR,6.0667,-8.1281,72.72,97,76,2.21,broken clouds
355,Nuuk,GL,64.1835,-51.7216,16.41,67,75,4.61,broken clouds
356,Kaputa,ZM,-8.4689,29.6619,73.53,70,64,3.18,broken clouds
357,Hay River,CA,60.8156,-115.7999,21.18,86,90,4.61,overcast clouds
358,Camacha,PT,33.0833,-16.3333,65.16,59,20,6.91,few clouds
359,Teahupoo,PF,-17.8333,-149.2667,80.56,79,96,21.5,overcast clouds
360,Vanimo,PG,-2.6741,141.3028,75.87,91,100,6.38,overcast clouds
361,Varadero,CU,23.1536,-81.2514,75.36,77,100,14.05,overcast clouds
362,Kruisfontein,ZA,-34.0033,24.7314,61.88,75,100,14.47,overcast clouds
363,Dalvik,IS,65.9702,-18.5286,30.45,78,38,13.15,scattered clouds
364,Roald,NO,62.5833,6.1333,50.14,81,75,12.66,broken clouds
365,Ilo,PE,-17.6394,-71.3375,64.29,78,48,4.07,scattered clouds
366,Mathbaria,BD,22.2876,89.9593,69.82,83,95,5.21,overcast clouds
367,Laredo,US,27.5064,-99.5075,86.85,32,0,11.63,clear sky
368,Zinder,NE,13.8072,8.9881,81.88,13,99,8.63,overcast clouds
369,Pechenga,RU,69.5259,31.1703,32.86,90,97,11.07,overcast clouds
370,Ushumun,RU,52.7833,126.5333,15.69,74,5,4.63,clear sky
371,Mweka,CD,-4.85,21.5667,69.21,99,100,1.23,moderate rain
372,Havre-Saint-Pierre,CA,50.2334,-63.5986,34.16,100,90,11.5,overcast clouds
373,Mehamn,NO,71.0357,27.8492,40.95,81,40,25.32,scattered clouds
374,Prilep,MK,41.3464,21.5544,43.72,88,96,2.19,overcast clouds
375,Ilyich,KZ,40.8464,68.5067,42.46,66,73,4.41,broken clouds
376,Tura,IN,25.5198,90.2201,59.7,87,0,3.67,clear sky
377,Kuryk,KZ,43.2,51.65,41.72,70,95,19.51,overcast clouds
378,Chuy,UY,-33.6971,-53.4616,69.24,82,3,11.83,clear sky
379,Maldonado,UY,-34.6667,-54.9167,69.55,86,41,7.02,scattered clouds
380,Kloulklubed,PW,7.0419,134.2556,84.0,70,90,7.36,overcast clouds
381,Vanersborg,SE,58.3807,12.3234,42.66,93,90,8.05,light intensity drizzle
382,Sola,VU,-13.8833,167.55,80.58,77,84,11.5,broken clouds
383,Kemin,KG,42.7846,75.6892,30.78,65,58,9.35,broken clouds
384,Kirakira,SB,-10.4544,161.9205,82.65,74,71,7.43,broken clouds
385,Alta Floresta,BR,-9.8756,-56.0861,71.98,98,99,2.82,overcast clouds
386,Walvis Bay,NA,-22.9575,14.5053,64.09,82,100,1.14,overcast clouds
387,Ordynskoye,RU,54.3656,81.8994,15.76,95,100,5.26,overcast clouds
388,Villa Maria,AR,-32.4075,-63.2402,81.82,54,24,8.55,few clouds
389,Xinzhi,CN,36.4989,111.7047,44.06,44,0,2.95,clear sky
390,Todos Santos,MX,23.45,-110.2167,88.02,69,100,2.77,overcast clouds
391,Chaozhou,CN,23.6651,116.6379,59.81,78,8,1.86,clear sky
392,Mulatupo,PA,8.9492,-77.7652,81.0,83,89,7.02,overcast clouds
393,Husavik,IS,66.0449,-17.3389,39.11,77,6,13.06,clear sky
394,Tessalit,ML,20.1986,1.0114,75.58,23,67,6.6,broken clouds
395,Zanesville,US,39.9404,-82.0132,41.38,68,100,5.01,overcast clouds
396,Maple Creek,CA,49.9168,-109.4848,56.19,45,98,13.98,overcast clouds
397,Severnoye,RU,56.3491,78.3619,-0.81,94,9,5.61,clear sky
398,Gunnedah,AU,-30.9833,150.25,59.72,52,0,1.01,clear sky
399,Kondoa,TZ,-4.9,35.7833,66.42,71,31,9.93,scattered clouds
400,Viedma,AR,-40.8135,-62.9967,54.7,55,100,17.65,overcast clouds
401,Sao Filipe,CV,14.8961,-24.4956,75.42,80,97,8.23,overcast clouds
402,Zyrardow,PL,52.0488,20.446,42.8,99,0,9.31,clear sky
403,Sarangani,PH,5.4033,125.4636,82.56,71,94,1.48,overcast clouds
404,Mattoon,US,39.4831,-88.3728,48.4,62,70,7.61,broken clouds
405,Honningsvag,NO,70.9821,25.9704,40.53,81,100,27.07,overcast clouds
406,Maningrida,AU,-12.0667,134.2667,77.45,43,100,10.78,overcast clouds
407,Odweyne,SO,9.4092,45.064,69.31,51,36,1.41,scattered clouds
408,Tarakan,ID,3.3,117.6333,77.05,86,100,6.22,overcast clouds
409,Hamilton,US,39.1834,-84.5333,43.12,63,90,1.99,light snow
410,Launceston,AU,-41.45,147.1667,52.16,58,75,3.0,broken clouds
411,Oga,IT,46.4631,10.347,38.08,94,95,2.33,overcast clouds
412,Kirksville,US,40.1948,-92.5833,59.13,53,31,1.01,scattered clouds
413,Port-Gentil,GA,-0.7193,8.7815,80.56,83,40,9.22,scattered clouds
414,Saldanha,ZA,-33.0117,17.9442,62.65,93,98,12.37,overcast clouds
415,Macklin,CA,52.3334,-109.9348,32.56,74,100,13.02,overcast clouds
416,Yelovo,RU,57.0538,54.9207,11.7,98,78,3.89,broken clouds
417,Mumbwa,ZM,-14.9783,27.0619,71.6,54,43,8.08,scattered clouds
418,Skjervoy,NO,70.0311,20.9714,41.92,85,100,34.45,light rain
419,Kiama,AU,-34.6833,150.8667,62.26,47,0,9.6,clear sky
420,Pevek,RU,69.7008,170.3133,17.42,88,100,7.27,overcast clouds
421,Beocin,RS,45.2083,19.7206,49.12,71,86,15.43,overcast clouds
422,San Juan,AR,-31.5375,-68.5364,92.26,12,1,20.58,clear sky
423,Sobolevo,RU,54.4299,31.8996,26.46,84,71,6.17,broken clouds
424,Obo,CF,5.3998,26.4869,70.56,83,86,2.53,overcast clouds
425,Knin,HR,44.0439,16.2,56.39,85,100,8.01,overcast clouds
426,Portland,US,45.5234,-122.6762,57.97,93,90,4.0,overcast clouds
427,Progreso,MX,21.2833,-89.6667,82.51,61,1,12.71,clear sky
428,Ullapool,GB,57.8987,-5.1604,52.36,85,100,10.76,overcast clouds
429,Gigmoto,PH,13.7796,124.39,80.13,88,91,10.31,overcast clouds
430,Belyy Yar,RU,53.6039,91.3903,30.09,70,0,11.18,clear sky
431,Sakhon Nakhon,TH,17.1612,104.1472,69.1,85,78,3.69,broken clouds
432,Magnolia,US,33.2671,-93.2393,74.88,62,20,4.09,few clouds
433,Garissa,KE,-0.4536,39.6401,78.96,71,39,11.7,scattered clouds
434,Maridi,SS,4.9158,29.4742,69.39,86,67,2.64,broken clouds
435,Ampanihy,MG,-24.7,44.75,67.05,84,2,8.93,clear sky
436,Cravo Norte,CO,6.3017,-70.2041,86.05,50,88,7.72,overcast clouds
437,Ihiala,NG,5.8538,6.8603,76.19,89,80,5.28,broken clouds
438,College,US,64.8569,-147.8028,1.2,75,90,0.0,light snow
439,Jiaojiang,CN,28.6803,121.4428,55.99,79,70,2.51,broken clouds
440,Grand Forks,US,47.9417,-97.4337,30.13,86,90,10.36,overcast clouds
441,Hervey Bay,AU,-25.2986,152.8535,73.83,71,34,2.82,scattered clouds
442,Ossora,RU,59.2353,163.0719,30.09,98,100,4.56,light snow
443,Doha,QA,25.2867,51.5333,71.71,65,0,7.78,clear sky
444,Labuan,MY,5.2767,115.2417,77.36,94,20,1.99,few clouds
445,Preobrazheniye,RU,42.9019,133.9064,31.95,60,1,7.49,clear sky
446,Chubbuck,US,42.9208,-112.4661,63.68,33,100,3.0,overcast clouds
447,Kalmunai,LK,7.4167,81.8167,77.95,85,85,3.04,overcast clouds
448,Kampot,KH,10.6167,104.1833,77.05,92,99,4.14,overcast clouds
449,Koutsouras,GR,35.0339,25.9469,65.1,67,6,9.73,clear sky
450,Ucluelet,CA,48.9329,-125.5528,48.09,76,76,11.99,broken clouds
451,Livingston,GB,55.9029,-3.5226,46.85,89,40,6.91,scattered clouds
452,Vitim,RU,59.4511,112.5578,27.23,97,100,4.47,snow
453,Lola,GN,7.8,-8.5333,72.82,83,20,0.58,few clouds
454,Ouadda,CF,8.0777,22.4007,68.81,61,7,3.85,clear sky
455,Ipira,BR,-12.1583,-39.7372,73.06,79,89,12.77,overcast clouds
456,Nabire,ID,-3.3667,135.4833,75.0,93,100,2.21,overcast clouds
457,Pangnirtung,CA,66.1451,-65.7125,-0.04,74,55,4.81,broken clouds
458,Vorukh,TJ,39.8494,70.5838,35.47,51,21,9.15,few clouds
459,Merauke,ID,-8.4667,140.3333,77.2,89,100,1.12,light rain
460,Indramayu,ID,-6.3264,108.32,78.71,81,100,1.74,overcast clouds
461,Muisne,EC,0.6,-80.0333,74.37,81,93,8.25,overcast clouds
462,Solnechnoye,RU,43.276,46.507,36.43,82,100,18.75,overcast clouds
463,Baykit,RU,61.67,96.37,8.58,98,99,0.83,overcast clouds
464,Lavrentiya,RU,65.5833,-171.0,14.27,89,97,8.08,overcast clouds
465,Arauca,CO,7.0847,-70.7591,80.91,67,26,4.76,scattered clouds
466,Great Yarmouth,GB,52.6083,1.7305,50.25,83,44,5.86,scattered clouds
467,Kirgiz-Miyaki,RU,53.6324,54.7979,3.88,99,76,3.83,broken clouds
468,Cairns,AU,-16.9167,145.7667,84.07,93,90,6.91,light rain
469,Taltal,CL,-25.4,-70.4833,64.51,71,22,8.25,few clouds
470,Nagamangala,IN,12.8156,76.7575,68.29,97,99,3.94,overcast clouds
471,Jiayuguan,CN,39.8167,98.3,30.0,30,44,10.36,scattered clouds
472,Gat,IL,31.61,34.7642,65.39,56,2,1.43,clear sky
473,Along,IN,28.1667,94.7667,54.25,81,51,1.34,broken clouds
474,Konevo,RU,62.1215,39.3192,30.94,82,100,15.7,overcast clouds
475,Rivers,CA,50.0308,-100.2403,29.16,98,100,7.36,overcast clouds
476,Namwala,ZM,-15.7504,26.4384,74.66,47,36,5.19,scattered clouds
477,Coihaique,CL,-45.5752,-72.0662,57.81,35,20,10.36,few clouds
478,Irbil,IQ,36.1926,44.0106,60.4,32,100,0.92,overcast clouds
479,Novoagansk,RU,61.9449,76.6625,11.88,95,100,9.06,overcast clouds
480,Iwanai,JP,42.9744,140.5089,39.97,59,100,15.12,overcast clouds
481,Curuguaty,PY,-24.4694,-55.6945,78.26,70,46,4.07,scattered clouds
482,Luchegorsk,RU,46.4764,134.2569,17.04,97,79,5.41,broken clouds
483,Sabang,ID,5.8933,95.3214,79.34,81,100,15.88,overcast clouds
484,Asyut,EG,27.181,31.1837,68.7,46,8,6.93,clear sky
485,Wilmington,US,34.2257,-77.9447,60.01,43,0,5.61,clear sky
486,Maunabo,PR,18.0072,-65.8993,82.2,86,27,11.18,scattered clouds
487,Port Lavaca,US,28.615,-96.6261,81.28,53,1,11.5,clear sky
488,Coquimbo,CL,-29.9533,-71.3436,64.13,63,0,14.97,clear sky
489,Marevo,RU,57.3146,32.0804,29.14,76,89,8.01,overcast clouds
490,Tilichiki,RU,60.4667,166.1,19.74,96,86,5.99,overcast clouds
491,Korla,CN,41.7597,86.1469,33.33,46,1,3.4,clear sky
492,Akyab,MM,20.15,92.9,75.74,87,80,4.43,broken clouds
493,Aksarka,RU,66.5606,67.7975,0.63,97,100,5.99,overcast clouds
494,Charters Towers,AU,-20.1,146.2667,80.02,64,2,10.0,clear sky
495,Yeroham,IL,30.9872,34.9314,61.88,52,3,3.4,clear sky
496,Kayerkan,RU,69.3497,87.7602,0.72,95,100,7.4,overcast clouds
497,Lilongwe,MW,-13.9669,33.7873,72.34,63,100,4.18,overcast clouds
498,Yar-Sale,RU,66.8333,70.8333,3.11,96,75,7.0,broken clouds
499,Abalak,RU,58.1286,68.5944,17.71,91,100,9.08,overcast clouds
500,Rodrigues Alves,BR,-7.738,-72.6509,86.2,88,100,2.17,overcast clouds
501,Alofi,NU,-19.0595,-169.9187,80.49,57,75,13.8,light rain
502,Padang,ID,-0.9492,100.3543,75.02,76,100,3.51,overcast clouds
503,Bambous Virieux,MU,-20.3428,57.7575,73.65,88,40,2.3,scattered clouds
504,Angoche,MZ,-16.2325,39.9086,78.1,86,99,6.04,overcast clouds
505,Mujiayingzi,CN,42.1167,118.7833,26.71,74,2,5.57,clear sky
506,Altamira,BR,-3.2033,-52.2064,82.49,89,75,1.14,broken clouds
507,Miraflores,MX,19.2167,-98.8083,70.03,29,33,2.28,scattered clouds
508,Winfield,US,37.2398,-96.9956,72.81,41,2,9.24,clear sky
509,Flin Flon,CA,54.7682,-101.865,30.04,86,90,4.61,light snow
510,Shiyan,CN,32.6475,110.7781,51.42,65,100,2.89,overcast clouds
511,Rayevskiy,RU,54.0658,54.9468,6.24,97,54,4.74,broken clouds
512,Yantongshan,CN,43.2919,126.0094,26.56,91,13,4.59,few clouds
513,Louga,RU,58.7372,29.8453,30.4,71,93,8.41,overcast clouds
514,Sokoni,TZ,-6.4333,39.55,77.29,76,6,9.84,clear sky
515,Granger,US,41.7481,-86.1257,34.97,89,100,6.51,overcast clouds
516,Pimentel,PE,-6.8367,-79.9342,65.62,80,58,13.78,broken clouds
517,Robertsport,LR,6.7533,-11.3686,81.7,78,93,8.52,light rain
518,Zarautz,ES,43.2844,-2.1699,54.61,84,100,7.05,overcast clouds
519,Cranbrook,CA,49.4999,-115.7688,47.8,78,100,7.67,overcast clouds
520,Lazaro Cardenas,MX,17.9583,-102.2,83.7,60,70,7.43,broken clouds
521,Kidal,ML,18.4411,1.4078,78.98,23,18,7.99,few clouds
522,Xingcheng,CN,40.6167,120.7167,36.03,64,0,2.39,clear sky
523,Kingman,US,35.1894,-114.053,82.13,6,1,1.99,clear sky
524,Guerrero Negro,MX,27.9769,-114.0611,84.16,28,0,11.03,clear sky
525,Sheridan,US,44.8333,-106.9173,67.91,18,1,1.01,clear sky
526,Kota Kinabalu,MY,5.9749,116.0724,76.98,88,20,3.44,few clouds
527,Half Moon Bay,US,37.4636,-122.4286,72.63,81,1,0.0,haze
528,Verkhnevilyuysk,RU,63.4453,120.3167,-14.26,100,94,2.21,overcast clouds
529,Peleduy,RU,59.6289,112.7406,25.38,98,100,3.31,light snow
530,Ekhabi,RU,53.5102,142.9671,24.13,91,100,15.5,light snow
531,Angermunde,DE,53.015,13.9992,43.05,96,32,5.14,scattered clouds
532,Sao Francisco Do Sul,BR,-26.2433,-48.6381,73.31,68,40,8.05,scattered clouds
533,Saquarema,BR,-22.92,-42.5103,70.32,75,24,16.98,few clouds
534,Felipe Carrillo Puerto,MX,19.5833,-88.05,75.36,82,99,3.02,overcast clouds
535,Manta,EC,-0.95,-80.7333,73.18,83,90,14.97,overcast clouds
536,Bonavista,CA,48.6499,-53.1147,42.12,89,100,14.27,overcast clouds
537,Galle,LK,6.0367,80.217,79.45,86,100,14.94,light rain
538,Damghan,IR,36.1683,54.348,45.27,41,100,1.5,overcast clouds
539,La Palma,US,33.8464,-118.0467,93.11,46,1,5.01,clear sky
540,Akureyri,IS,65.6835,-18.0878,28.38,80,25,9.78,scattered clouds
541,Takoradi,GH,4.8845,-1.7554,79.18,86,99,6.93,light rain
542,Salinas,US,36.6777,-121.6555,77.0,58,99,6.33,overcast clouds
543,Llanes,ES,43.4198,-4.7549,54.9,80,90,4.18,overcast clouds
544,Yeppoon,AU,-23.1333,150.7333,76.78,59,0,6.73,clear sky
545,Shalinskoye,RU,55.7228,93.7594,28.26,74,79,15.79,broken clouds
546,Hammerfest,NO,70.6634,23.6821,41.45,75,40,12.66,scattered clouds
547,Hasaki,JP,35.7333,140.8333,52.29,73,98,4.99,overcast clouds
548,Natitingou,BJ,10.3042,1.3796,80.46,32,98,2.28,overcast clouds
549,Mayo,US,38.8876,-76.5119,47.3,51,8,8.01,clear sky
550,Deputatskiy,RU,69.3,139.9,0.32,97,100,2.57,light snow
551,Bavly,RU,54.393,53.2602,7.0,97,48,3.51,scattered clouds
552,Lasa,IT,46.6166,10.7002,41.36,86,98,1.32,overcast clouds
553,Porto Belo,BR,-27.1578,-48.5531,70.07,83,52,13.04,broken clouds
554,The Valley,AI,18.217,-63.0578,82.09,73,5,19.35,clear sky
555,Krasnoselkup,RU,65.7,82.4667,-7.26,98,97,11.74,overcast clouds
556,Andros Town,BS,24.7,-77.7667,77.18,70,100,16.28,overcast clouds
557,Bulungu,CD,-4.55,18.6,70.11,96,21,1.57,few clouds
558,Inhambane,MZ,-23.865,35.3833,73.47,85,15,8.84,few clouds
559,Shache,CN,38.4167,77.2406,36.27,38,0,7.14,clear sky
560,Karratha,AU,-20.7377,116.8463,78.1,43,58,6.49,broken clouds
561,Praya,CV,14.9215,-23.5087,75.74,78,40,10.36,scattered clouds
562,Townsville,AU,-19.25,146.8,74.28,94,75,9.22,light intensity shower rain
563,Grootfontein,NA,-19.5667,18.1167,75.34,44,100,10.87,overcast clouds
564,Valparaiso,CL,-33.0393,-71.6273,73.04,44,0,19.57,clear sky
565,Shestakovo,RU,56.4915,103.96,19.15,98,97,3.0,overcast clouds
566,Daru,PG,-9.0763,143.2092,80.96,85,100,5.95,overcast clouds
567,Iralaya,HN,15.0,-83.2333,79.84,83,93,11.07,overcast clouds
568,Kadoma,JP,34.7333,135.5833,53.38,84,59,0.94,broken clouds
569,Uribia,CO,11.7139,-72.266,86.11,54,26,17.67,scattered clouds
570,Luau,AO,-10.7073,22.2247,64.15,89,76,3.06,light rain
571,Kununurra,AU,-15.7667,128.7333,69.78,78,99,1.14,overcast clouds
572,Nizwa,OM,22.9333,57.5333,67.5,44,42,0.56,scattered clouds
573,Xining,CN,36.6167,101.7667,27.84,54,100,2.89,overcast clouds
574,Santander,ES,43.4647,-3.8044,54.3,94,75,3.0,broken clouds
575,Voyinka,UA,45.8699,33.9914,41.0,66,4,15.46,clear sky
576,Semey,KZ,50.4111,80.2275,26.2,75,80,5.68,broken clouds
577,Tambovka,RU,50.0969,128.0489,12.31,92,14,2.1,few clouds
578,Ust-Tsilma,RU,65.441,52.1498,23.0,94,100,9.6,light snow
579,Paamiut,GL,61.994,-49.6678,7.72,73,0,7.4,clear sky
580,Fertoszentmiklos,HU,47.59,16.8752,45.88,88,11,6.89,few clouds
581,Zlobin,HR,45.2924,14.6541,45.7,67,0,17.27,clear sky
582,Agadir,MA,30.4202,-9.5982,63.05,82,0,8.01,clear sky
583,Dudinka,RU,69.4058,86.1778,0.91,95,100,16.67,overcast clouds
584,Shadrinsk,RU,56.0852,63.6335,12.51,93,100,6.87,overcast clouds
585,Norrtalje,SE,59.758,18.705,42.03,83,72,10.18,broken clouds
586,Genhe,CN,50.7833,121.5167,16.56,93,20,3.89,few clouds
587,Kollam,IN,8.8833,76.6,76.87,86,98,1.1,light rain
588,Warnes,BO,-17.5,-63.1667,76.75,78,100,3.51,overcast clouds
589,Uvarovka,RU,55.5278,35.6061,26.65,80,71,6.13,broken clouds
590,Dicabisagan,PH,17.0818,122.4157,77.97,91,94,9.19,moderate rain
591,Constitucion,CL,-35.3333,-72.4167,58.64,59,0,19.6,clear sky
592,Mazagao,BR,-0.115,-51.2894,80.01,76,96,6.11,overcast clouds
593,Saint-Francois,FR,46.4154,3.9054,45.48,90,90,3.44,overcast clouds
594,Matara,LK,5.9485,80.5353,78.06,90,99,12.86,overcast clouds
595,Sal Rei,CV,16.1833,-22.9167,75.76,77,89,9.37,overcast clouds
596,Russkiy Aktash,RU,55.0384,52.1214,20.55,97,37,3.38,scattered clouds
597,Dalby,AU,-27.1833,151.2667,69.33,30,97,4.41,overcast clouds
598,Ardesen,TR,41.1911,40.9875,58.96,80,100,7.45,light rain
599,Yubari,JP,43.0378,141.9578,35.92,79,50,4.34,scattered clouds
600,Raudeberg,NO,61.9875,5.1352,48.87,86,99,8.99,overcast clouds
601,Bull Savanna,JM,17.8868,-77.5902,78.85,79,89,6.31,moderate rain
602,Hearst,CA,49.6835,-83.6665,25.9,89,100,7.56,overcast clouds
603,Puerto Madryn,AR,-42.7692,-65.0385,53.89,53,80,25.61,broken clouds
604,Koltubanovskiy,RU,52.9407,52.0269,11.41,94,15,5.77,few clouds
605,Eyl,SO,7.9803,49.8164,76.32,71,96,7.76,overcast clouds
606,Merrill,US,45.1805,-89.6835,33.98,55,1,6.91,clear sky
607,Galveston,US,29.3669,-94.9669,82.51,72,1,4.0,clear sky
608,Shimoda,JP,34.6667,138.95,58.98,70,1,3.58,clear sky
609,Dondo,MZ,-19.6094,34.7431,71.69,97,6,4.14,clear sky
610,Manitouwadge,CA,49.1215,-85.8403,26.06,73,100,5.86,overcast clouds
611,Laguna,US,38.421,-121.4238,76.64,83,90,0.0,mist
612,Port Hedland,AU,-20.3167,118.5667,71.65,73,90,9.22,overcast clouds
613,Plover,US,44.4564,-89.544,36.45,59,1,1.01,clear sky
614,Axim,GH,4.8699,-2.2405,78.8,86,100,6.2,moderate rain
615,Apodi,BR,-5.6642,-37.7989,81.68,66,51,17.72,broken clouds
616,Cap Malheureux,MU,-19.9842,57.6142,73.89,77,56,1.99,broken clouds
617,Nioro,GM,13.35,-15.75,78.69,63,92,7.14,overcast clouds
618,Kutum,SD,14.2,24.6667,68.52,17,0,7.78,clear sky
619,Nadym,RU,65.5333,72.5167,2.53,91,100,7.29,overcast clouds
620,Abu Samrah,SY,35.3029,37.1841,59.95,50,66,5.26,broken clouds
621,Okhotsk,RU,59.3833,143.3,15.89,92,100,14.18,light snow
622,Winnemucca,US,40.973,-117.7357,64.45,32,1,11.5,clear sky
623,Ibra,OM,22.6906,58.5334,68.22,51,46,4.63,scattered clouds
624,Elizabeth City,US,36.2946,-76.2511,52.02,52,0,1.01,clear sky
625,Kawalu,ID,-7.3817,108.2082,71.51,96,100,0.29,overcast clouds
626,Grindavik,IS,63.8424,-22.4338,36.07,80,75,28.77,light rain
627,Gorontalo,ID,0.5412,123.0595,75.4,91,100,1.68,moderate rain
628,Mugur-Aksy,RU,50.35,90.5,5.4,92,60,4.23,broken clouds
629,Barra,BR,-11.0894,-43.1417,73.81,80,95,3.67,overcast clouds
630,Shenkursk,RU,62.1091,42.896,27.18,90,100,12.86,snow
631,Nemuro,JP,43.3236,145.575,37.99,67,6,8.12,clear sky
632,Lyubech,UA,51.7026,30.6569,33.06,81,21,6.78,few clouds
633,Iquique,CL,-20.2208,-70.1431,66.24,69,66,5.46,broken clouds
634,Josefina,PH,8.2,123.5333,70.36,98,100,2.91,overcast clouds
635,Ozoir-La-Ferriere,FR,48.767,2.6687,44.38,96,90,3.0,mist
636,Dhamtari,IN,20.7072,81.5497,71.53,88,62,5.53,broken clouds
637,Pochutla,MX,15.7432,-96.4661,86.83,58,5,7.43,clear sky
638,Fernley,US,39.608,-119.2518,73.51,19,100,12.77,overcast clouds
639,Grass Valley,US,39.2191,-121.0611,69.53,49,1,1.01,clear sky
640,Volterra,IT,43.4003,10.86,55.51,92,96,6.49,overcast clouds
641,Denpasar,ID,-8.65,115.2167,76.71,88,100,2.01,overcast clouds
642,Tsuruoka,JP,38.7217,139.8217,50.14,71,100,5.79,overcast clouds
643,San Rafael,AR,-34.6177,-68.3301,69.44,24,0,27.49,clear sky
644,Ocampo,MX,21.65,-101.5,63.95,22,23,13.96,few clouds
645,Cegrane,MK,41.8389,20.9758,43.36,94,91,1.54,overcast clouds
646,Loiza,PR,18.4313,-65.8802,82.36,83,14,11.9,few clouds
647,Shubarshi,KZ,48.5872,57.1869,29.08,97,100,4.45,light snow
648,Buchanan,LR,5.8808,-10.0467,79.47,80,89,3.94,overcast clouds
649,Filadelfia,US,39.9523,-75.1638,47.14,57,31,5.01,scattered clouds
650,Tiznit,MA,29.5833,-9.5,55.13,81,5,1.57,clear sky
651,Tambacounda,SN,13.7539,-13.7586,86.7,28,95,4.12,overcast clouds
652,Kallifitos,GR,41.1667,24.2167,51.91,76,98,4.45,overcast clouds
653,Alyangula,AU,-13.8483,136.4192,84.78,47,92,14.83,overcast clouds
654,Lingao,CN,19.9103,109.6859,72.9,84,93,11.43,overcast clouds
655,Tinca,RO,46.7749,21.9316,37.51,75,27,3.33,scattered clouds
656,Sorong,ID,-0.8833,131.25,77.77,87,100,6.02,overcast clouds
657,Pangai,TO,-19.8,-174.35,82.51,54,20,13.8,few clouds
658,Sampit,ID,-2.5333,112.95,73.0,95,99,1.41,overcast clouds
659,San Pedro,PH,14.35,121.0167,82.15,82,100,9.17,overcast clouds
660,Nhulunbuy,AU,-12.2333,136.7667,83.01,61,40,10.36,scattered clouds
661,Margate,GB,51.3813,1.3862,51.69,81,93,1.99,overcast clouds
662,Betioky,MG,-23.7167,44.3833,69.93,66,0,9.82,clear sky
663,Mackenzie,CA,55.2999,-123.1698,30.42,86,90,8.05,light snow
664,Gien,FR,47.6933,2.6309,44.51,98,100,3.74,overcast clouds
665,Tacuarembo,UY,-31.7333,-55.9833,77.18,64,88,7.34,overcast clouds
666,Acapulco,MX,16.8634,-99.8901,83.1,61,15,5.79,few clouds
667,Kitimat,CA,54.0524,-128.6534,40.91,46,89,1.99,light rain
668,Karlshamn,SE,56.1706,14.8619,43.29,72,100,4.25,overcast clouds
669,Manggar,ID,-2.8833,108.2667,78.53,84,100,3.71,overcast clouds
670,Nueva Loja,EC,0.0847,-76.8828,82.17,78,78,1.83,broken clouds
671,Sisimiut,GL,66.9395,-53.6735,15.01,85,99,2.62,overcast clouds
672,Okha,RU,53.5739,142.9478,24.66,89,100,16.04,light snow
673,Srednekolymsk,RU,67.45,153.6833,8.53,96,100,6.17,light snow
674,Sibu,MY,2.3,111.8167,75.51,94,40,1.99,scattered clouds
675,Maun,BW,-19.9833,23.4167,80.73,35,68,5.14,broken clouds
676,Kieta,PG,-6.2167,155.6333,83.19,73,97,3.47,overcast clouds
677,Rafai,CF,4.95,23.9167,68.7,97,100,2.26,overcast clouds
678,Heze,CN,35.2431,115.4411,43.63,85,3,6.73,clear sky
679,Melsomvik,NO,59.2239,10.3447,47.21,99,75,11.5,drizzle
680,Melilla,ES,35.2937,-2.9383,59.38,72,0,3.44,clear sky
681,Rockland,US,41.1668,-74.0496,46.72,62,48,1.01,scattered clouds
682,Kampong Thum,KH,12.7111,104.8887,72.39,97,77,2.89,broken clouds
683,Lesosibirsk,RU,58.2358,92.4828,20.73,98,99,1.39,light snow
684,Uyemskiy,RU,64.4743,40.8524,28.45,93,90,11.18,shower snow
685,Santa Cruz,BO,-17.8,-63.1667,73.45,88,75,5.75,broken clouds
686,Dwarka,IN,22.2394,68.9678,77.09,45,96,8.68,overcast clouds
687,Qasigiannguit,GL,68.8193,-51.1922,14.25,92,98,4.99,overcast clouds
688,Ushtobe,KZ,45.2514,77.9838,34.65,64,100,5.91,overcast clouds
689,Neuquen,AR,-38.9516,-68.0591,64.29,20,37,23.2,scattered clouds
